antiguedad_meses,uso_30d_previos,facturas_vencidas_180d,tickets_90d,pago_automatico,ajuste_comercial_30d,abandona_30d
66,37.92715322054297,0,1,0,23.039078287076315,0
12,46.656223169279045,0,1,1,19.158849246337795,0
49,22.9906624131946,0,3,1,27.712278013124383,0
49,24.546477722796052,1,0,0,96.9979802412029,1
30,64.41322190151371,0,2,1,0.0,0
6,70.24019101669575,0,1,1,24.947646232844193,0
113,102.06013943230215,0,2,0,0.0,0
108,38.74421175874926,1,1,0,29.20223934148734,0
1,53.149169869926595,1,2,1,48.65668230495214,1
3,59.481702227763115,0,1,1,7.006611422112448,0
64,19.240538806395904,0,1,1,37.81585207214445,0
109,165.12915037580214,0,1,1,12.769120272967246,0
68,96.03255209842472,1,0,1,50.622825777287886,0
90,94.90621365547666,0,1,1,68.73931353985101,1
83,83.3842425164516,0,5,0,63.88932594568103,1
53,87.52843190860128,0,2,0,4.235744631284801,0
12,56.175961171714235,1,1,1,0.0,0
107,38.671071494150745,2,1,1,33.90563067761879,0
12,96.45848906287371,0,2,1,15.010116997010925,0
28,90.3098208855608,0,1,0,70.97494523273659,1
10,227.1754504809603,2,0,1,58.89117379381988,1
111,85.81514579234457,0,0,0,5.22317169823306,0
6,91.78279295228272,0,0,1,28.140854348532727,0
112,38.341533642738355,0,0,1,26.363608540113947,0
96,63.80308499583342,0,0,1,52.56173840842474,0
89,41.17330271065289,1,0,1,31.957039980061047,0
97,159.4678346958578,1,2,1,17.04038598129721,0
80,85.08774919926788,0,0,0,22.512542153707535,0
22,85.27817749252164,0,1,1,3.3256935139707764,1
17,23.288425954035922,0,2,1,64.85200646393842,1
17,53.7697790648525,0,2,1,14.294820235597133,0
73,77.40738027520509,0,0,1,57.191795510864985,1
41,145.00304288888674,2,1,1,70.93845641801823,1
97,59.71078642339475,1,1,0,42.7771560532514,0
2,95.16101150260938,0,2,0,0.0,0
115,17.84048214521519,0,0,1,66.65238939457652,0
91,57.18070513961753,0,1,0,28.58428001681327,0
104,54.17282136141644,2,3,1,54.521523237862404,1
10,18.921873840308674,1,2,0,53.276626863308024,1
26,29.64863586873692,0,5,1,49.15199210491897,1
89,75.70458776036337,1,0,0,72.56130022955723,1
113,9.949811796664314,0,2,1,0.0,0
86,69.47792462310608,0,3,0,43.98588720086083,0
28,190.37770945985673,2,1,1,43.74003017373039,0
84,7.438713068028639,0,2,0,35.58342720869321,1
71,89.12419554965842,0,0,0,4.0594650203930485,0
8,31.85600909055657,0,2,1,28.832961364635135,0
33,139.6697113740506,0,0,1,31.454048604943473,0
113,23.381425839011744,0,2,1,14.031239527584411,0
106,82.71045257053035,1,0,0,5.633149837496347,0
19,27.136785406615346,1,3,1,103.09197409735816,1
44,32.65004595827254,1,1,1,32.828685369245115,0
26,108.75911383309219,0,0,0,66.88838428838633,1
11,90.46773765190238,0,0,1,26.015497791046297,0
38,67.43029358762166,1,0,0,5.082312835575568,0
2,97.2584067387826,0,1,0,30.02057393904108,0
120,58.704416548389,0,0,1,10.11864410357222,0
49,78.3676192639779,1,0,0,0.3662966872684237,0
74,80.33169803497357,0,0,1,6.7554023666835015,0
44,58.12490199701265,0,1,1,52.03511161334891,0
39,112.35416306992263,1,0,1,27.240102529454187,1
33,64.21185949770856,1,0,0,40.69412227681568,0
26,89.87889809441798,1,0,1,95.67139111767165,1
73,35.12325942241234,0,1,1,57.00209267967119,1
62,47.813423811913566,0,1,0,0.0,0
54,33.63715405702835,1,1,1,72.22979533396263,1
49,126.56031101053003,0,1,1,13.55900901901699,0
35,78.11612900265376,0,2,1,27.256787466399388,0
82,54.78068192367971,1,2,1,2.4392999414141165,0
55,33.1042444072724,0,2,1,36.095769950247664,0
120,24.945620852147606,0,2,0,22.16912611218599,0
33,85.20079347512666,1,2,1,101.92824961944663,1
117,84.7974928807624,1,2,1,24.26395449031989,0
82,73.3946228348239,0,2,1,29.756140270661565,0
32,53.23961253443743,0,0,1,23.721561714615362,0
119,62.99325531302509,0,1,1,14.970302079469384,0
78,47.487072115314874,0,1,0,78.73697430192745,1
65,54.57604493943225,0,1,1,57.17960689168041,0
111,38.24734695647625,0,1,1,69.61924824297355,1
102,70.25364874861293,0,3,1,61.56024337734041,1
73,26.15711869586748,2,1,1,38.12507520923059,0
58,134.54150028518814,0,0,0,14.568223857859671,0
65,115.29072090927671,1,2,1,81.18855459926256,1
44,63.033839298754266,1,1,1,14.248629350382515,0
52,124.13126678087947,0,3,1,9.019850718807263,0
15,73.46263331267275,0,0,1,17.100757567623837,0
55,104.8899183672185,0,2,1,11.495113828548046,0
32,55.82833357687936,2,1,1,19.628590629561877,0
56,29.81291364978569,1,0,1,3.3763435946254745,0
74,82.93852510434019,0,0,0,29.920337010301207,0
72,43.51926223499923,0,4,1,0.0,0
73,152.4214702239475,1,0,1,10.153292336020534,0
42,154.18126712093596,0,0,1,23.123462459449897,0
17,69.58325764214922,0,2,0,54.7242072463077,1
89,62.89595178441998,0,0,1,27.672991094511715,0
2,17.601506752576046,0,1,1,89.0094478524858,1
72,89.18753271620477,0,1,1,12.838314636033221,0
47,116.94326712641353,1,0,1,33.65743865467711,0
58,49.68448067991453,1,0,1,0.0,0
36,128.33845937056736,0,1,0,10.195237029029066,0
106,146.19634062209118,1,1,0,0.0,0
55,69.09201558853842,0,2,1,7.750246480196809,0
47,99.02895065763641,0,1,1,44.23970547598295,0
30,75.76432256549167,0,1,0,0.0,0
88,90.1292979971344,1,0,1,17.33952704415224,0
115,53.74022196719775,2,1,1,0.2921620596832888,0
38,38.03531730311996,0,3,1,13.938884228191156,0
32,35.83412490040908,0,0,1,13.587838645292727,0
3,53.77663919827533,0,2,1,0.0,0
52,126.73882200928077,0,0,1,58.171721007979805,0
11,118.03222227432656,0,0,1,26.85209007379071,0
105,127.40450636878558,2,3,1,28.400733391596148,0
60,36.92591522967234,0,1,1,74.78540493244466,1
88,81.41060760503423,2,0,0,34.73195985288365,1
2,99.22926121599326,1,0,0,46.32834177167284,0
93,60.182283083383545,0,0,0,22.07565487100401,0
107,38.86167245246803,0,0,1,27.287716649566974,0
77,147.0895603844627,0,2,1,0.0,0
119,58.82512964955633,0,0,1,23.967615922165802,0
44,73.22908411833427,0,0,1,71.89581110695686,1
8,93.90800689087331,1,2,1,99.10435881827405,1
21,64.92347387990408,1,1,1,35.0842835723179,0
60,79.49819981930017,1,0,1,52.6722750757956,1
74,37.33297248647538,0,1,0,8.656179884351012,0
85,58.08539517504174,0,1,1,34.75326082718969,0
46,67.30790735969865,0,1,0,24.674606705271085,0
92,101.37355655739127,0,1,1,10.384071499246753,0
6,22.91773440200697,0,0,1,0.0,0
72,17.589361307900614,0,0,0,2.3144797404493502,0
115,25.390544524396663,1,2,0,72.08061082823295,1
95,69.69248340318146,1,0,0,44.349834919644046,1
17,27.885679252367122,0,1,0,5.520429984323133,0
19,59.40859223229465,1,3,1,45.72774642644326,0
64,50.25128735341713,1,1,0,63.42300348003274,1
108,45.437577244710326,0,2,0,57.09363735353542,1
4,86.3321656347548,2,0,1,54.496818930778915,1
49,96.41071625137545,0,3,0,64.2526778119916,1
34,120.2176701797314,2,3,1,72.0606491248281,1
94,63.85103803678994,0,0,1,13.097738526735139,0
49,48.11015840207355,1,2,1,53.43147318264723,1
115,49.04725147571584,1,2,1,0.0,0
110,84.12541785080504,0,2,1,53.08918293456224,0
17,82.82925994504336,0,1,0,16.28494285054333,0
111,39.671469813310544,0,1,1,34.77198367300158,0
86,40.271827281889294,2,2,0,24.1320515863772,0
31,106.83568051526689,2,1,0,19.084672848634177,1
58,124.87522261916695,1,1,1,59.61115112695356,1
79,131.62849925875906,0,1,1,70.61406262088158,1
3,74.09007385985629,1,2,1,59.9766339631652,1
111,94.93745448083584,0,1,1,26.453864672175783,0
57,42.786582818391736,1,0,1,59.23393394574776,1
106,104.65820225561322,2,0,1,43.374289871461706,1
17,65.18025866591253,0,2,1,53.416142658208365,1
53,44.61152532363609,0,0,0,86.25677232664148,1
17,47.64985430707163,0,2,1,25.029927034227313,0
91,47.099113639290024,0,1,0,36.1188901368747,0
69,78.72514414877371,1,0,0,62.97475246514212,1
78,84.36115809166013,0,0,0,0.0,0
43,76.31649011261214,0,1,0,30.26557401807814,1
25,66.13109524159424,1,2,1,1.5218184293056645,0
60,29.878782988419317,0,3,1,36.200305878374024,0
50,16.059721566980297,0,0,0,24.162383086074577,0
78,54.28352579648093,0,2,1,2.1830681603636606,0
83,199.72320820598367,0,3,1,13.659320891224146,0
63,92.83917342510557,0,0,0,31.68420836772679,0
73,71.77932579485396,1,1,1,17.09579058374899,0
65,103.56114171543608,0,1,1,34.0802645820596,0
87,46.06857050401891,0,3,1,0.0,0
56,140.51410151229084,0,1,0,19.07612562453942,0
49,38.26155878022794,3,0,0,0.0,0
62,72.05216676717552,1,1,0,70.41973935817906,1
101,84.18048494210602,0,1,0,21.028063378440333,0
69,61.62912473952993,0,0,1,0.0,0
19,66.0341097029757,1,1,1,34.577830337757604,1
52,117.63481392957638,0,3,1,72.80586278363982,1
117,27.855155896415535,1,0,0,0.0,0
17,59.822626229286435,0,0,0,6.013920016204144,0
62,53.253159643610815,1,2,1,34.91936833741697,0
21,72.3964041303593,0,0,0,52.70037111488024,1
48,53.257108464904604,0,3,1,17.77852340476649,0
36,108.93509620975917,0,0,0,67.2348079581485,1
9,46.71441792013382,1,1,1,55.55459935524409,1
98,90.87440055239695,0,3,1,29.64764880569853,0
1,116.40830527570992,1,2,1,91.36885382744313,1
87,103.22716632192285,0,1,0,9.673580475583114,0
98,42.947410034232064,1,1,1,14.073694329083647,0
6,61.42327746288343,1,1,1,18.56332500377254,0
94,33.305658791951636,1,0,0,68.7211297924527,1
4,153.38268942846753,0,2,1,1.2628159260377885,0
93,59.01221874850162,1,0,1,4.1554390690920915,0
14,103.92919961419751,0,2,1,7.645029893239219,1
95,58.07634752930759,1,2,1,41.07406504359522,0
3,134.8974017477851,1,1,1,48.62186014452759,1
34,43.62996561513462,0,0,0,27.494466998233626,0
67,64.76537748576406,2,0,1,13.199513292296785,0
22,66.14030110136684,0,2,0,88.15516222520918,1
107,96.60733729588785,0,0,1,1.1343957533262952,0
37,48.79656869347759,2,1,0,87.58222696745887,1
35,59.0638967008205,2,2,0,89.40330675689155,1
30,22.28164254966636,0,0,1,43.43508442410345,1
21,97.98651538010509,2,2,1,68.33825655076011,1
39,26.675563577244002,2,0,1,108.96668658308835,1
77,77.57933380139902,2,1,1,26.006491027825177,0
115,69.97037865707729,0,1,1,0.0,0
66,61.02084875582949,1,0,1,36.779894126186605,1
30,31.394253809906573,1,1,1,39.81525744998922,1
89,33.1316483004311,1,1,1,29.381156882978914,0
105,201.0411963304024,0,2,0,20.719663115184556,0
89,148.28817197536216,2,2,0,63.80033647626141,1
86,57.07275923438515,1,0,0,26.368766285758994,0
88,43.4191077175405,0,0,1,22.403904281259255,0
111,198.11145133106237,1,1,1,0.0,0
76,37.35109893241532,0,3,1,42.888688855474086,0
54,54.51957069570122,0,1,1,3.790347462506304,0
6,154.22121572665023,0,2,1,0.0,0
9,88.74883947268907,0,0,1,53.895235943921186,1
8,209.02055302285754,2,1,1,5.635446959152212,1
10,42.14300144313338,2,0,0,42.95149427997332,1
48,159.46823296496106,0,2,0,27.916811429023355,0
20,70.59159281000538,0,0,1,83.69965732433002,1
111,25.80308486048946,0,3,1,41.857198981778716,1
21,62.907516022405204,1,3,1,36.522469392658195,0
66,29.033019318805415,2,1,1,16.98409843880703,1
78,54.58339046285002,0,2,1,75.07875938446143,1
40,75.00774383787596,0,0,0,0.0,0
23,99.73209566014104,1,5,0,32.44794824951284,1
102,47.66216941252955,1,5,1,32.666970310684185,0
109,82.35730764950041,1,3,1,24.629588314450256,0
42,72.42237834619363,2,1,1,85.48212249386862,1
101,128.34893900392703,0,0,1,26.282130702802526,0
2,98.07299826917946,2,1,1,0.599052379760252,0
110,41.40522833850297,2,3,0,52.0033001118421,1
77,26.93886211165819,1,0,0,24.4573110658864,0
65,69.4392613470425,0,2,0,55.310321305213876,0
82,110.71015454343294,1,0,1,18.48904117939954,0
37,144.5497516522409,0,0,1,7.8118161946164175,0
80,124.49700245989298,1,2,1,28.650355103967286,0
52,134.3212046349993,1,2,0,44.32668368481817,0
37,56.147790900470014,1,1,1,29.364706325977487,0
23,112.0693856364678,0,3,1,44.6064354341985,0
87,67.55555472788865,1,1,1,5.603148262997411,0
105,101.67056555932339,0,0,1,14.224983542674375,0
27,45.95843986009507,2,0,1,0.0,1
101,140.5827352460305,0,2,0,43.98727892416528,1
91,77.00478100510463,1,3,1,23.65157486599321,0
73,111.52753426666936,1,1,1,3.5223621767483184,0
71,78.15878108199985,1,0,1,45.505562045723224,0
20,70.7768774510116,1,0,1,61.035118586939205,1
98,24.296478933100545,0,0,1,23.147761288462412,0
35,44.66924177312265,0,2,1,88.83534638246655,1
101,113.18076929344261,1,1,1,26.016816575412236,0
72,39.56229496756827,2,1,0,45.79229280577218,0
12,79.91014240170377,2,3,0,61.90397442622945,1
88,80.47446591491287,0,1,1,47.41080840760206,0
18,150.79254055923482,1,1,0,0.0,0
27,49.86375333090198,1,1,1,63.72422561475126,0
68,86.94070643585866,2,1,1,0.0,0
31,44.28524847727506,1,0,1,47.703873568521104,0
34,63.00171107604907,1,0,1,40.91177187830862,0
86,75.50151129057767,1,1,0,13.779746597447492,0
54,53.39035787980764,1,0,1,3.3560462325268237,0
66,72.6454988361203,2,0,1,39.007030347607014,0
37,89.50622243967878,1,2,0,13.071392420968044,0
23,98.35398251034562,1,2,1,76.05480873008405,1
28,52.43396734422495,0,1,0,0.0,0
29,60.918002342967014,0,3,1,56.5812420099419,1
69,65.42945308984773,0,1,0,39.83972282004021,0
9,49.51300143459893,0,2,1,14.965803472550668,0
76,47.69435694899305,1,3,1,42.29635275612783,1
44,32.7005644494552,1,1,1,0.0,0
37,115.20745297612723,1,1,1,24.361504818565347,0
26,33.93822404930694,1,0,0,1.5629130305093213,0
20,144.06804749454759,0,0,1,33.624733201860835,0
40,99.55781639538705,1,1,0,28.026150866521327,0
101,85.34400570319738,1,2,1,34.53551563779347,0
95,69.94281490055968,1,1,0,39.72449373306921,0
99,42.04022506508669,0,2,0,19.90760413469973,0
96,59.74231339556426,0,2,1,28.99051232055266,0
120,81.55833416979952,2,1,1,27.204960185666998,0
30,112.28385370461027,1,1,1,70.61450780623309,1
36,80.92478489763388,0,0,1,85.74002147555763,1
54,28.01380396330798,0,0,0,34.23623825102571,0
120,81.0212359861466,0,1,0,16.450693589579977,1
51,73.30134865183713,0,1,0,46.492557919797385,1
84,101.79866664843941,0,1,1,16.50437354940276,0
44,108.29954363573542,1,1,0,10.080313790642496,0
98,57.99453844088727,1,1,1,1.7796863921340993,0
86,56.61093428373614,1,0,0,0.0,0
38,80.79381493360735,0,1,0,12.100237142375224,0
90,39.52219588679493,1,1,1,50.318541122390165,0
47,52.437125929233225,0,3,1,0.0,0
49,118.87996631483858,0,1,1,0.0,0
25,20.10293012663908,0,1,1,0.0,0
40,62.05181460997604,0,0,1,24.46694536852779,0
87,97.19047866243321,1,2,1,18.53324009643009,0
4,108.12084902166768,1,0,0,37.5515120126491,1
37,72.59511288989341,0,2,1,11.685304088411847,0
70,53.54026696972464,3,1,0,23.97246433775753,1
92,121.84635421501514,2,1,0,0.0,0
114,41.95164560747864,2,0,1,16.75573845407115,1
44,68.28633887791018,1,3,1,58.212111053166225,1
72,76.48926830097979,0,0,1,87.79446785978269,1
11,44.501329660480465,1,2,0,42.42902891402452,1
35,158.6638387140917,0,3,1,4.264630338201275,0
36,62.693302405071975,1,0,0,49.18744360081925,1
120,30.395726381784193,1,0,1,15.170984256779326,0
20,142.72108696162024,1,1,0,33.3509052869054,1
62,87.42423190125551,0,2,1,62.21289681680726,1
47,149.57705912374115,1,2,0,3.8333345660923133,0
23,76.16704671045264,0,1,1,25.72663310553568,1
25,73.3646038211114,1,2,0,69.50899641551234,1
91,74.09346446208295,2,1,1,20.3237435722698,0
79,66.24515019900596,1,0,0,8.705698393733938,0
62,34.877500140489516,2,1,0,0.0,0
73,93.50708234657748,2,0,0,50.43129971073552,1
82,64.6534752226445,0,0,0,24.859929244807088,0
32,77.24577490162955,0,0,1,29.101264108757753,0
81,67.90950296294174,0,2,1,0.0,0
36,51.91981726336672,0,1,1,38.942965813543125,0
80,35.2100800196597,0,0,1,0.0,0
106,36.705161077462506,2,0,1,78.89706353066728,1
109,28.472717667436743,0,1,1,25.136852833302477,0
60,61.17222544611146,2,0,0,64.05008028021271,1
76,35.18859172846131,2,0,1,74.08752152348865,1
93,27.602755401075193,1,1,1,44.738648408396315,0
60,74.9508168173051,1,1,0,15.10673822991196,0
4,108.51847210925985,0,3,1,1.1946253792260393,0
88,52.568981834283136,1,0,1,0.0,0
6,68.31260785859737,1,2,1,34.00433779490531,0
114,139.3007368968582,1,1,1,19.378593125527996,0
85,18.860793631180748,0,1,1,75.41099904536625,1
13,109.58002925903499,0,1,0,34.71679271121896,0
62,106.89926452262347,0,1,0,16.69655846536001,0
105,77.32605333544835,0,0,0,8.137491478212217,0
87,132.96784926485694,2,2,0,2.807532424502039,0
44,43.49805928119522,1,2,0,0.0,0
100,71.19765938249279,0,0,0,14.426268675818157,0
59,105.78589433303334,1,1,0,24.63739492526261,0
33,51.19953660427713,0,0,0,43.65801718968986,0
102,118.61796376729447,0,1,0,15.636265527433673,0
13,133.16461021237555,1,1,1,28.05119213027512,0
62,35.5754322070752,2,3,0,38.71448255910357,0
48,103.50919330596827,1,1,1,27.920803015579853,0
117,35.00869193285969,0,1,1,33.51302604237592,0
108,48.21057273425894,0,0,0,69.17309216802155,1
107,158.25185956436275,0,0,0,77.86188929656656,1
11,80.90094978229007,1,2,0,72.30709627765229,1
89,31.234397174485284,1,0,1,28.37391537358804,0
106,76.39822218306955,0,1,1,29.84644427725883,0
66,66.34207597292459,2,3,1,0.0,0
102,71.44877170956165,0,2,0,17.748440428813,0
109,92.442816914487,0,1,1,26.92070059166835,1
3,85.0345555768137,0,1,1,80.35687790539356,1
78,101.59986458974299,1,2,0,67.3755441168561,1
61,59.95896030517468,0,1,1,81.0988402650763,1
65,128.36535398936468,0,1,0,0.0,0
18,108.19192131422193,0,0,0,22.710301904766286,0
116,123.25161445240894,1,2,1,12.806543303851507,0
30,53.547304463683645,0,0,1,35.69346959007801,0
101,22.59507380050956,0,1,0,30.82975718836701,0
56,57.24352090812518,0,2,1,63.988724475955806,1
88,152.11545714320897,0,0,1,33.584142619766276,1
60,85.61580455075597,0,0,1,10.89932671515357,0
72,86.38486281820626,1,2,0,21.083461248475274,0
50,50.321604764456886,1,1,0,66.00749150304993,1
113,180.37789177886285,1,2,1,3.501054737488449,0
105,22.62549943250297,2,0,0,41.049944676803065,1
106,102.98498552980132,1,3,0,56.144156519967716,1
30,70.85954161139382,0,2,1,0.0,0
97,95.58524871794666,0,2,1,8.809175990589502,0
111,47.35391773119271,1,1,1,39.49979985082259,0
109,130.190119552508,1,2,0,35.28939379055178,0
40,146.0454792989683,1,3,0,62.673780297873414,1
78,76.82827145254856,0,2,0,120.11596238181349,1
51,119.24973012481898,1,0,1,0.026951676162759952,0
3,30.4842352668169,1,4,1,8.335253871240164,0
72,71.13867844905947,0,1,0,2.387349097836621,0
73,62.709294966074566,1,0,1,0.0,1
120,53.45057171222284,0,0,0,4.195546788726091,0
46,56.08864859629211,0,0,0,18.053998776486885,0
24,55.81153644177263,0,0,0,12.570438132719968,0
74,109.19673570434453,0,0,1,25.614183938756348,0
105,130.6844847538849,1,0,1,1.6783173031837357,0
33,56.03354430309714,0,0,1,24.820732729728995,0
87,50.74279294723092,0,1,0,37.63094736736507,0
96,114.38483043635956,1,0,1,13.139375594839805,0
1,127.03145731971492,1,1,1,20.213980708301214,0
59,86.71685286916639,1,2,1,22.271179068979666,0
53,75.53896543079361,0,1,1,15.388720651173722,0
36,88.27363196011397,1,2,0,31.514092974796906,0
59,152.06255384532332,0,5,1,15.622044352023378,0
45,141.62293994696074,2,0,0,13.064081060295578,0
51,71.10312774582727,1,3,1,27.04181098505783,0
113,234.56614699719415,1,3,0,20.030064265539067,0
115,28.359483301783023,0,3,0,14.747230918606368,0
49,135.6460028860354,0,0,0,45.240877604966585,0
30,127.32596211170751,0,1,1,28.288607779170732,0
76,20.032668297336077,0,0,1,17.877472050508896,0
82,69.42478813508187,0,1,0,13.759906775370887,0
111,64.2955332834974,0,1,1,16.773224384133382,0
10,38.79077264399426,0,0,1,0.0,0
56,77.4974898910987,0,4,1,42.762310191183865,1
82,177.9761710558631,0,3,1,14.24236895624958,0
50,52.95986730518686,1,2,1,91.41894930799735,1
3,76.48347031571018,0,2,1,40.10544148687867,1
13,123.92621650875998,2,0,0,39.00685371510683,0
49,106.04076025495273,0,0,0,0.0,0
113,117.65496333921203,0,1,0,19.711936101421987,0
33,59.44428616229629,0,1,1,88.32483378928282,1
117,128.41502328705036,2,4,1,20.754387092657126,0
66,78.09782927889734,0,1,1,21.001896535208022,0
40,94.18938481779114,0,0,1,25.001552020000332,0
111,53.14247539378546,1,1,0,17.50973649319963,0
36,61.70142241207701,1,1,0,35.140378234348105,0
50,51.927728776746406,1,1,1,3.0077307103634876,0
14,84.50552657675564,0,0,0,0.0,0
40,85.272288646512,0,2,1,25.344637087116972,0
18,68.35034443386628,1,1,1,52.16193103567226,1
101,49.858071830338595,2,0,1,7.5639147454982645,0
15,21.664372288850128,1,2,1,71.67820293904688,1
98,59.81033917485364,0,0,1,6.107707131239193,0
25,104.64823879887804,2,0,1,0.0,0
39,42.80817385358567,0,2,1,28.190201790051077,0
112,86.15520532475307,0,2,1,5.641534093591998,0
5,80.34772337506625,1,1,1,28.811465131829056,0
53,106.6774521745781,0,2,1,15.565713791255007,1
49,56.62081742111663,0,1,0,69.98059267147687,1
116,103.00945363632387,0,1,1,32.85598776152396,0
103,165.5167457397024,0,0,0,21.82723687753611,0
52,80.78974933009806,2,1,1,25.962388168262237,0
29,64.01836109578105,0,1,1,27.989312731662995,0
105,87.5757969154189,1,1,1,0.0,0
33,67.42445511819446,3,2,1,17.938893932893023,1
2,37.600131714563936,1,0,1,29.956196804159404,1
82,184.7301507721716,0,1,1,12.249347425444606,0
76,90.92649401778631,0,0,1,12.14200387462758,0
20,63.370164833918906,1,0,0,50.778316543149764,1
81,170.83498561569345,0,1,0,22.61392001446719,1
8,66.27516661305992,2,3,1,31.36010730137634,0
65,60.90444429252021,1,2,1,11.633866261006467,0
73,151.96451924663756,0,2,0,40.65686586651171,0
15,98.34793338304291,0,1,1,0.0,0
22,74.7964766113934,1,0,0,70.26448267661574,1
2,50.363345832502645,1,0,1,60.17984355606803,1
120,143.71578387569738,0,1,1,35.46799591831434,0
113,38.198975728326026,1,3,1,44.665085096639864,1
31,57.54931778677008,0,1,1,37.36981461850638,0
66,153.14402586335024,0,1,0,15.357012107869487,0
119,65.14486607088698,1,1,0,15.321923945352921,0
23,129.2035619639033,1,1,1,62.482293672361216,1
46,140.64362400391852,1,3,1,18.103331097205114,0
104,80.94040748073176,1,0,0,15.923638052308904,0
99,94.76498400274878,2,0,1,0.0,0
80,85.15284864421525,1,1,1,0.0,0
11,47.90761724113979,0,0,0,26.803987798172862,0
18,49.46207965120041,0,2,1,29.442229281267977,0
32,39.37893776222604,1,1,0,6.010328843880297,0
21,65.13402631763113,1,3,1,19.30195896362343,0
2,130.81535356769888,0,0,1,0.0,0
11,83.29508516378517,1,1,0,35.32852030997728,1
89,59.47370754268932,1,2,1,22.743593393420323,0
77,150.78827747124353,1,0,1,0.0,0
56,105.1518888038984,0,0,1,41.029181504318906,0
13,76.09709328808798,0,2,0,86.37314808516099,1
43,91.14536867440684,1,2,1,26.921587799812485,0
69,89.90697473208846,0,3,0,88.08804299344047,1
106,90.18301044055173,0,2,1,4.912172913687307,0
102,79.72373676306687,1,0,1,1.5855511098209512,0
118,19.56928954536466,1,0,0,66.75919405246894,1
117,193.4905439638472,1,0,1,22.620743317477782,0
85,49.05440881296745,1,0,0,75.96219400834727,1
9,204.15666104724932,2,1,1,35.21978577586616,0
53,69.2728068486762,1,0,1,21.50248624632465,1
47,130.70299858879736,0,1,1,27.283322511499353,1
120,40.66579505608046,0,0,1,19.237717167653226,0
89,31.81641955336877,0,1,1,8.72733186118313,0
30,67.63966188820744,0,1,0,21.962419270014617,0
92,132.70295648056452,2,2,0,41.81378906144088,0
20,86.50854190950582,0,0,1,15.296436156315314,0
26,117.09806817635956,1,3,0,20.26577005894665,0
56,94.15474553733137,0,2,1,62.190220028053325,1
100,72.33173325274198,0,1,0,17.363306885419355,0
73,35.087349568470124,1,1,1,12.022152691898853,0
35,115.04298480870125,0,3,0,54.223250906423836,0
47,72.99431546779202,2,2,0,57.84880043022262,1
13,73.67630116248029,2,0,0,11.527843408454206,0
119,104.42020109801341,0,1,1,23.81894771334875,0
33,35.72509725842474,0,3,0,1.1530111283182727,0
37,134.38025471161743,1,0,0,43.378885916714765,1
105,88.93707775465313,1,0,0,93.73067660174638,1
101,76.99767796269838,0,1,1,0.0,0
103,33.3501901450503,1,0,0,13.448761634964633,1
92,79.53741338804238,1,1,1,27.95966022071931,0
47,90.73735496655588,0,3,1,87.46969722347515,1
117,36.70516862350581,2,0,1,9.386168133220949,0
54,65.50916000209561,0,1,1,31.25069029752509,0
1,43.90896557412938,1,1,1,0.0,0
68,68.45438996027481,0,0,1,61.771419857939016,1
120,98.61419521025991,1,1,1,35.189608976082965,0
51,53.945995131209216,1,3,0,4.756904372343044,1
99,38.33057846871029,1,0,0,45.52941211928839,0
87,101.96583547538188,0,3,1,14.249225118990456,0
63,40.982766524038645,2,1,1,44.398748178184206,0
36,105.94296641895377,1,1,0,24.21213019644226,0
78,86.74692093123565,1,1,1,17.001363586314262,0
66,63.91672915967529,0,1,1,0.666091758182624,1
59,103.10050655024506,1,0,0,0.0,0
61,87.29796720684503,4,1,1,45.20724906464519,1
16,162.84758254776517,2,1,0,4.668776975733914,0
119,157.72797174130073,1,1,1,21.963267603895638,0
30,174.79731706793316,0,0,1,30.620766689550976,0
42,112.67558636098914,1,0,1,36.041429039104145,0
92,44.29469292587971,3,0,1,69.99287695580743,1
58,69.04846310723204,2,2,0,79.26430289075475,1
114,56.669275932062206,0,0,1,0.0,0
120,104.02685892287963,0,0,1,61.05036520903663,1
69,111.18341887118046,0,4,1,40.17379728199897,0
32,47.096090346887095,1,1,1,4.081227765322101,0
9,50.050383880457375,0,2,0,122.03345474308595,1
28,9.098746506470716,0,2,1,28.22477482292268,1
8,84.04130531370656,0,3,0,50.08704737920136,1
88,88.41673235910619,2,2,1,51.81676159565787,1
119,68.23946406237798,2,1,0,130.56511065842315,1
76,35.59895705134221,1,1,0,26.678293890705277,0
86,73.09686148776011,1,2,1,26.422610983747283,0
96,151.9544396674126,2,1,1,62.06096990653558,1
34,98.80562298476175,0,2,1,41.9841038919741,0
110,144.9871883305083,1,0,1,34.44626423051936,0
66,133.64732510570065,1,0,1,5.741986031374177,0
6,49.12146388446131,0,1,1,55.69419010483337,0
96,98.68011082859687,1,1,1,0.0,0
29,37.51284280374053,0,1,1,0.6325794653628378,0
12,50.68723371377964,0,1,0,1.4822920531699815,0
48,122.96059217510128,1,2,1,36.37398860915264,0
61,82.94815015463425,0,4,1,22.334798425679296,0
42,133.2413618230715,2,1,1,86.71392967684177,1
17,135.2608048992418,2,0,0,51.643260155914135,1
33,69.2147589863566,0,2,0,56.75831032764959,0
101,40.469392939445186,0,1,0,38.441030203325376,1
9,144.93289321837,1,2,1,75.58662490921034,1
8,82.00907249808488,2,2,1,47.00809534808209,1
75,86.77699822390942,0,1,1,10.597450368588028,0
74,84.28866640821022,2,0,1,35.18572222590417,1
59,111.49177112022697,0,2,0,16.243624341986923,0
96,100.02568040020154,1,1,0,14.092343366168723,0
102,22.3015678073659,0,1,1,21.304847463738895,0
63,100.9671108874953,0,3,1,0.0,0
108,100.10622138898967,0,0,1,22.42756313865505,0
43,95.78647836147638,1,0,0,14.00268890430199,1
77,193.36193267391977,1,1,0,37.43245460611108,0
82,126.82739218234306,2,2,1,8.230439289063433,0
10,103.85738471323671,2,0,1,23.120478873014484,0
2,12.61198389245102,1,1,1,67.0224708096209,1
117,79.11260709826837,0,1,1,0.0,0
56,105.1886331392552,3,2,1,63.868991849129316,1
115,74.35061194607991,0,1,1,88.89886080817979,1
67,97.7436115743835,1,1,1,24.917408534462137,0
105,82.86600956915862,0,1,0,14.350761590597752,0
68,160.63342761703086,0,1,1,0.0,0
117,96.75112092544825,0,1,0,0.0,0
20,46.08236535028287,0,2,0,40.310950202388966,0
54,52.51193282734911,1,3,1,1.208715647874584,0
5,74.2457027432785,0,0,0,0.0,0
105,86.2847221822338,0,0,0,28.487418933919336,1
8,139.25033913577883,1,2,1,55.72920549351338,1
72,91.66579167827561,0,1,0,8.581559136035855,0
47,190.32617362402215,1,3,0,57.58430915584873,1
80,102.45028614295236,0,1,0,0.0,0
39,64.92396662292687,1,0,1,13.581151920261346,0
14,36.67174756741556,0,3,1,29.389260110142693,0
72,148.57779030588117,2,1,1,27.60526953186433,0
66,65.83860767340872,1,0,1,6.092219071714879,0
25,100.08876552302182,0,0,1,14.067873560312165,0
31,33.124455431646396,2,0,0,37.35542599254498,0
69,20.25676831678978,1,2,1,38.26478654611486,1
11,111.58843379824384,0,4,1,20.282877835482406,0
23,65.96012207595459,1,3,0,72.56823267834322,1
62,133.5012873593358,2,0,0,32.15782736414188,0
115,26.297419554846215,1,1,1,21.644825446300086,0
68,75.10001963366365,0,4,1,77.97338787404442,1
107,47.551471006048835,2,2,1,5.706886824759517,0
51,49.08311346276448,0,1,1,52.2116490719618,1
53,112.53628103610326,0,2,1,4.930904624901759,0
96,125.1558873920557,0,1,1,23.36874538854254,0
106,135.42760293902893,0,2,1,19.775133925216153,1
66,75.40315949013136,0,2,0,20.04754818125058,0
7,191.25568030700234,0,1,1,33.47101427434482,0
12,87.4760146378229,0,3,0,53.82872079525799,0
47,82.37446900169601,0,3,1,64.62320145434455,1
37,33.77013784387571,0,0,1,22.45466322204694,1
6,104.58564265689154,1,2,1,1.4631529113880184,0
105,50.68941719664647,0,2,1,41.50107024914345,0
68,64.42495165226386,1,1,0,21.43484202006681,0
109,24.845958624281383,0,2,1,0.0,0
113,71.6487192550938,0,2,1,50.55971636328908,0
36,90.5631767473541,0,1,0,24.000894969705797,0
79,24.74261510420866,0,1,1,43.682904196095215,1
38,52.82667644284199,1,0,1,43.060386698268914,1
90,35.31471723167669,0,0,1,0.0,0
86,38.64441200568562,1,2,0,64.83016040482701,1
42,44.58782631259706,0,2,1,41.57102174195135,0
87,118.73005294621211,3,1,1,41.554554755111674,0
27,44.23211798789343,1,1,1,80.36719415588935,1
100,39.074508723757255,1,0,1,23.685393456722203,0
97,97.67344853599916,0,2,1,45.94709319401327,0
97,86.11368446399545,1,1,0,35.33898584103552,0
15,47.796774975220714,1,2,1,31.469004210126258,0
119,102.30597943797954,3,1,1,13.222562002971426,0
91,61.656211965167664,1,2,0,75.62163512442432,1
103,122.21068259552399,1,1,0,1.1696004822747241,0
70,79.71084920030873,0,0,1,0.0,0
105,134.64837370125045,1,4,0,3.246231813146462,0
98,112.66104051375031,0,2,1,21.546613053825556,0
83,73.59640308489568,0,0,0,14.875742226724618,1
72,145.78931636975014,0,2,1,16.47187653500503,0
77,76.3979013948906,0,1,1,42.39789021128834,0
92,134.20400693584764,0,0,1,0.9215929634844215,0
37,74.54184135181337,0,2,1,0.0,0
113,105.32860210104934,0,0,1,18.607647610449494,0
33,113.07779770087024,2,2,1,0.0,0
47,72.5593638147697,0,1,0,13.000869401423639,0
114,60.26644921515651,0,0,0,40.17349417717654,0
58,67.10413861722988,2,0,1,19.130195587564234,0
102,69.78197594658268,1,1,1,9.61627146051923,0
67,68.43437938147386,0,1,0,13.600978828965026,1
105,208.43376960155965,0,0,0,18.973941303350625,0
52,49.18916344127596,1,3,0,17.078940981001494,0
105,176.61058781297788,2,0,1,0.0,0
38,58.91683231484441,0,1,1,5.4077641075270755,0
35,56.95041057343226,1,2,0,0.0,0
3,63.14699178462735,0,3,0,65.85502345961424,1
87,41.95491553096701,2,3,1,81.15981975162865,1
47,53.48342521003112,0,0,1,32.10776498605327,0
118,51.65371914849754,1,3,1,54.113945151547846,0
47,83.33638292313171,1,2,0,9.422114684111232,0
12,65.21279791612997,0,0,1,16.903871494439922,0
42,128.54978289488,1,4,0,19.313499431345516,0
120,60.2476567652667,0,1,0,19.258929033940937,0
17,74.79957168586814,0,1,1,39.17779882124481,1
13,78.78947558940897,1,1,1,0.0,0
11,54.60823369112917,1,2,1,17.106104444876518,0
10,37.34086861460726,1,0,1,0.0,0
91,127.84130694076266,2,1,1,6.360940899400413,0
69,61.24527364339552,1,1,0,0.0,1
8,79.25772361146636,0,3,1,39.52464897341571,0
81,86.50455706907523,0,1,0,69.31121720936105,1
8,139.9390753189037,1,1,0,0.0,0
118,32.16937930128167,2,2,1,78.2274779677484,1
19,63.746168496766835,1,4,0,23.574635808484715,1
101,97.48459288550585,0,1,0,32.704307339196006,0
115,21.996165200476447,1,1,1,32.25482045715593,0
109,67.19601682399409,2,1,1,75.58080665957914,1
18,52.139345318004835,1,3,1,0.0,0
117,68.61372534061981,1,3,1,11.615711678355702,0
1,19.23196844774341,0,1,1,18.54530737141322,0
106,113.30600942598885,0,0,1,75.70842976142633,1
10,35.82244576648994,3,3,1,32.27459870389005,1
20,93.68891279311742,0,1,1,31.82452556360372,0
115,62.51665307927925,0,2,1,71.7892662640073,1
102,159.50908249848632,0,0,1,41.33664983669318,0
87,129.0752741917495,1,1,1,5.8618308265724846,0
120,71.35995317971553,1,1,1,11.881781156865248,0
112,46.418562017781966,0,2,1,22.14146573256445,0
92,201.17975301757258,1,2,1,61.98087643175078,1
9,73.41393619050145,1,3,1,56.25775395307877,1
117,98.69966771498324,1,3,1,11.077528352300615,0
103,92.63870404642581,0,0,1,37.29092830836403,0
88,68.62410356736164,1,2,1,92.13060032586935,1
26,81.57599738405077,1,1,0,11.308214778086992,0
102,32.08553752242371,0,0,1,11.30210326903066,0
91,65.60249404649996,2,0,0,43.424103271792205,0
75,42.21551183191906,0,0,1,33.543594797643436,1
96,46.40669550808947,1,1,1,26.990846861296834,0
90,116.99269202096048,1,2,1,70.55021839405197,1
64,140.45670413389752,1,3,0,30.759529755266502,0
99,92.54867872177564,1,3,1,31.317478573422186,0
104,56.14002813379757,1,1,0,47.677206187737795,1
85,162.78515666475903,1,2,1,35.044024297224695,0
32,82.227433301407,1,0,1,26.335841933039752,0
113,51.65861110899276,1,0,0,28.645117621193375,1
106,60.20185793069595,2,0,1,46.46814953945041,1
109,137.13750662660806,0,0,0,17.136229391140343,0
28,79.46713404365764,1,1,1,12.380776744355906,1
74,34.77621570461481,1,2,1,6.138890493657149,0
3,98.66718149087731,1,0,1,22.688175462736453,0
7,130.4278744539038,0,2,1,22.60584046744165,0
77,58.18052335619882,0,1,0,57.23741969170011,1
25,87.51084241343281,0,2,1,37.67095017386843,0
51,46.997825955818975,0,0,0,20.638025814876464,1
12,94.02714740212426,1,2,1,16.53495256127181,0
52,32.7724288989912,0,2,1,21.86791304671496,0
87,46.2761401479682,0,1,0,14.559904126767954,0
7,102.82418961271189,0,0,0,44.92755418438928,0
63,87.03486118553991,0,1,1,2.6090381528866633,0
52,90.6190654692901,0,2,1,35.90767969014135,0
27,53.103794596584336,0,2,1,42.14027362662454,0
73,108.20260682178193,1,1,0,25.475888421673453,0
114,20.082143694917143,1,2,0,0.24762544128832076,0
116,69.7941688732005,0,0,0,41.243294717540095,0
41,98.17929273614796,0,1,1,45.44781708704091,0
104,98.28855701069274,1,1,1,22.69774206285244,0
71,90.61404563195859,1,2,0,28.635323292996137,0
99,60.16759791157124,1,2,0,2.928759009964459,1
3,35.35481168478391,3,1,1,66.69176787638527,1
80,38.37923412706249,2,1,0,0.0,1
13,147.57853687283588,1,1,1,17.40405653566532,0
63,65.22053497468646,1,1,1,0.0,0
94,172.90512401609462,0,0,1,5.15293170489571,0
28,71.32670253802874,2,1,1,96.71758289119896,1
11,35.529293602654796,0,0,0,24.434310642979383,0
99,126.60323219650306,2,0,0,19.568204652099958,0
120,142.83412760445538,2,2,0,6.0083789693154905,0
64,66.54853823273817,0,1,1,30.231211550650144,0
109,94.65903652290169,0,0,0,28.99540795192599,0
116,73.69100306724047,2,1,1,20.23690313051507,0
18,85.70634700162881,0,1,0,10.254029566921682,0
22,29.578669348756303,1,0,1,41.26982820378487,0
21,73.36033214711803,1,1,1,11.513967831809786,0
85,58.313407048518584,0,0,0,19.751221947372525,0
92,26.343863030697424,0,3,0,54.735141739881975,1
56,90.02407204575134,1,0,1,93.06837594010995,1
75,42.00555277757011,1,0,1,3.3112443568726206,0
83,89.35144509747964,1,3,0,2.1623938112216035,0
114,77.02283706096848,1,1,0,37.669771166556394,0
88,82.69149278149789,1,2,1,3.3056750258315155,0
14,83.08104060195134,0,1,0,59.13559663015079,1
17,61.62476478980372,0,1,1,8.411536336894757,0
105,102.0083268564137,1,0,1,33.26478682922945,0
85,98.54061363417352,0,1,0,0.0,0
12,72.17122660544155,1,0,1,30.857767364560708,0
69,33.987499664193514,1,0,0,34.85758396303623,0
4,229.7639470687362,1,4,0,39.45208257834497,0
109,155.15499249029114,0,1,1,35.481910686964284,0
18,102.40010161435882,0,0,1,4.909213823480407,0
65,72.4345936813499,0,0,1,28.038059238227625,0
36,74.103266637825,1,0,1,22.71707802332846,1
36,43.923533644107174,1,2,0,29.69966635213891,0
64,49.578263169750976,0,0,1,92.59624450156998,1
43,63.9376938761022,0,0,0,91.06895225797004,1
49,61.85720653911594,0,1,1,29.304595493681475,0
108,43.640961156406036,1,3,1,35.896026401533845,0
53,34.026652871571194,1,0,1,16.91407968286184,0
111,49.27759492922416,1,3,0,2.9816512151456767,0
44,94.4399169755237,1,1,1,21.083679444035237,0
72,162.36114743134735,0,0,1,31.285791925888716,0
111,67.58587869943074,1,2,1,27.862473337937182,0
20,108.46911018484144,3,0,0,41.12553555309856,0
66,74.44023327240345,2,2,0,29.773284627051908,1
12,64.24580028972683,1,0,1,0.0,0
43,95.15126546423255,1,0,1,53.50175296564456,1
12,85.29060162599856,0,1,0,0.594313381419667,0
12,140.11927618744355,1,1,1,54.10295409161858,1
96,80.68822281648946,1,0,1,23.585171685486436,0
115,72.67097571861673,0,4,1,84.62682331319077,1
85,50.43201172859576,1,0,1,14.233185273722741,0
41,174.39799602472007,1,0,1,8.757052044302487,0
19,76.22158308463649,1,3,0,17.945858899960204,0
104,57.41876093381752,0,1,1,28.392239798819315,0
97,32.70609159052144,0,0,1,25.400919896872118,0
44,69.18894783998849,2,1,0,34.34719845404563,1
120,149.92230398336184,1,2,1,0.0,0
11,86.3151839669205,1,0,0,53.49220399535203,1
58,89.66795338884441,0,2,1,36.414833729993745,0
46,87.10723907828483,0,0,1,6.5683938313431565,0
17,70.88180573883616,1,2,0,68.34837911019014,1
77,56.77764303264674,0,3,1,3.6580458481774407,0
24,100.9623106872673,3,2,1,80.80302207167804,1
69,39.302879834167086,0,2,1,28.656002819329075,0
95,52.12376663930121,0,2,1,40.317730284843314,0
53,65.39673188122396,0,1,1,0.0,0
10,59.01857795651608,0,1,1,36.26302650715113,0
62,75.42430492093428,3,1,1,65.03599405687619,1
69,168.18632773650603,0,1,1,25.293414162884595,0
1,226.18209906147658,1,2,1,24.943647751381395,0
79,59.26508224380104,0,2,0,30.827108281839045,0
113,49.73465355424007,3,2,1,104.63831033686331,1
115,60.90456485207325,0,0,0,17.61269233622025,0
38,86.21969292227305,2,2,1,57.977561848343434,1
17,70.12321168966969,0,0,0,15.810421148161721,0
106,168.58405209414826,2,1,1,20.772313239655553,0
102,161.62262401252408,0,1,1,0.0,0
52,63.391485725757065,1,1,1,17.06137910486589,0
53,25.242426538619647,1,0,0,54.75969685742257,1
99,111.9746900325042,0,1,0,55.300353555807824,1
75,72.92914101931696,0,0,1,7.321397371707969,0
93,60.10092535554695,2,1,1,33.347508450275505,1
3,22.722066529810046,0,2,1,13.00086888002372,0
79,51.904097179458105,0,2,0,53.24693235009137,1
48,43.79098846277028,0,1,0,38.57948732632963,1
67,68.38882200440861,1,2,0,1.327672035873853,0
79,77.57651798364972,1,3,0,61.73311775334021,1
100,84.39374063521024,0,1,0,0.0,0
6,95.51950076575444,2,1,0,1.485122118609901,0
42,48.17202173891623,0,4,1,28.735989704387123,1
85,116.30312967802581,1,1,1,30.479015736812492,0
24,114.3185529781414,0,0,1,22.286528036532207,0
12,60.180138552153515,1,1,0,36.79931832139499,0
114,92.12456641184856,0,1,1,3.7736867007474526,0
110,112.74798251751248,2,2,0,0.0,0
93,54.4109490653376,1,1,1,29.76249863453959,0
104,81.05131806215832,1,1,1,35.883350014657076,0
18,139.79475871867677,0,0,0,0.0,0
117,45.332088421553706,1,2,0,75.10565538996973,1
47,110.37904223225198,1,0,0,18.90267956079925,0
94,93.15304680175437,1,0,1,22.21592978659951,0
53,31.414467687563295,0,0,1,5.308260386101205,0
47,103.21642563042786,0,2,1,83.6037802576484,1
46,39.056420007413294,0,1,1,8.222463412450507,0
98,65.85080791717303,1,2,1,5.175082650771564,1
17,45.33709449491798,1,0,1,50.51322852462052,0
9,85.7498847278872,0,0,0,68.63841787228797,1
87,93.31532358060143,1,0,1,23.33232620944804,0
55,87.81001883428007,2,1,0,30.619116665133564,1
36,120.86814158251777,2,0,1,15.32786779157194,0
100,67.18667490356938,0,0,1,27.70535221840713,0
42,51.97006456143127,0,1,0,14.678722343301601,0
65,82.02604139603997,0,2,1,61.933176126222804,1
45,51.91445097105117,0,4,0,10.103016806486792,1
109,64.02844631661634,1,0,1,14.907610565651659,0
41,65.32598468231035,1,2,0,5.834837425923,0
47,44.76308391837665,1,4,1,7.122322099444805,0
46,71.18317503165012,0,3,0,0.0,0
36,49.75906490424447,1,2,1,34.80323774339574,0
44,92.26624768388433,0,3,0,76.64168529113888,1
61,19.746615877049564,0,3,1,0.0,0
47,35.268522644108955,1,2,1,17.689938781683058,0
60,62.74460523010589,2,2,1,89.80552911128257,1
88,51.18672501002784,0,4,0,16.863904636064532,0
85,56.79724705457626,0,1,1,0.0,1
56,119.92058633963596,1,0,1,33.591271977539016,0
1,44.67211812296095,0,3,1,65.08793138826474,1
44,107.52555199782657,0,1,1,31.373703347738694,0
78,95.00850754109082,1,1,1,6.827047606575828,0
58,86.76777061147885,0,0,1,69.73006481733374,1
71,75.97187791470107,0,2,1,2.125518699520562,0
95,86.14350101056448,1,1,0,0.0,0
111,181.2187851772657,0,2,1,25.497636216449777,0
85,94.57399290732171,2,0,1,23.55935255823752,0
89,121.05059836410724,0,1,1,0.0,0
49,44.16738428559188,0,1,1,28.413046300189265,0
44,57.24923290011855,1,3,1,73.82841464040493,1
70,47.74859660774618,1,0,0,45.49488439985456,1
20,68.24499309404273,0,2,0,22.956376544548185,1
24,57.517468196482454,1,3,0,8.94749771921951,0
82,33.81322950964997,1,1,1,8.256074444462236,0
62,46.410548952815546,1,2,1,2.79592724428219,0
28,50.07046491877132,0,3,1,39.6842533112869,0
38,51.188332744903626,0,1,0,30.566557001713825,0
46,135.54537375518746,0,2,1,19.594780498929374,0
32,106.50957320826551,0,0,0,50.6235546350635,0
6,80.65488893281963,0,0,1,11.14592337929908,0
60,84.13688854268685,1,1,1,40.248771652470865,1
70,109.78387006141861,1,0,1,60.08399048949761,1
46,119.32110650897653,1,3,1,59.28578631424129,0
107,101.98830950664222,0,0,1,14.868209976440156,0
22,116.72274195823341,1,1,1,24.197334547400214,1
54,127.88491968949015,0,1,1,27.746509151414877,0
26,65.63290273218678,0,1,1,59.7267332642502,1
49,104.07907516336371,0,0,1,9.311730449803807,0
38,84.23421444469376,0,2,1,25.68018581557136,0
53,34.222286657208805,2,1,0,33.29896866312403,0
80,107.6075986917065,0,0,1,11.365508108838991,0
76,105.55273287243446,0,2,1,96.45362695026337,1
90,59.5805839700781,1,2,1,1.4161657296699914,0
71,61.047536775106856,2,0,1,29.459765312370173,0
82,33.064513678461566,0,3,1,18.11356326925414,0
116,34.24731115575015,4,2,0,0.0,0
56,96.30325777560499,0,2,1,18.075515163137922,0
25,189.3146162012687,0,1,0,22.689456435802587,0
44,101.96410542816834,0,0,0,13.767569442747476,0
90,27.17531967365963,0,0,0,4.598243299490626,0
101,64.24964507913955,0,3,1,17.636791919738084,0
65,48.42848067575888,1,1,0,44.6592905592269,0
28,82.95374787204084,0,1,0,92.15877040750425,1
45,121.39797029481926,1,0,0,39.695623904582945,0
11,32.37461910080607,0,1,1,23.777052054284507,0
46,89.53263260009875,3,1,0,33.73289247052871,1
110,103.29276260697121,2,1,0,28.875000995742134,0
87,26.301411651947767,0,1,0,0.0,0
4,63.953426315090816,0,3,0,31.991043487519427,1
111,93.53930789371502,0,0,1,17.820829835945663,0
85,92.40888521201123,0,2,0,31.802751673223096,0
77,93.3729233900297,0,1,0,39.97621171285469,0
33,76.84163813734929,1,2,0,35.381952234962476,0
70,73.54626471856152,0,2,1,63.954750073463735,1
118,77.67069664406598,0,1,1,0.9972194352483363,0
10,91.6591166978045,0,0,1,29.398971633954275,0
5,60.9349639332373,1,0,1,19.24052218291932,0
68,151.1016036279772,0,0,0,37.75115252427848,0
51,65.57755410527635,0,0,1,4.861821397173713,1
102,150.4019002475272,1,2,1,0.0,0
50,140.66678189733952,0,0,1,81.59439570086299,1
12,38.480098832723336,0,2,1,35.79517501431122,0
78,136.6588349530811,2,2,1,31.59369192514886,1
87,48.7439609835896,1,0,1,4.818877898435135,0
91,34.49881298468156,0,2,1,45.73769516600122,1
117,47.240613092766054,1,0,1,26.52712631825607,0
85,89.36912455555147,0,0,1,23.773511702290705,0
69,101.04996691263337,0,0,1,21.338697419505255,0
71,37.03514765727428,1,1,1,30.36975727094894,0
94,34.29521463435985,1,1,1,57.45895724864087,1
95,127.43501993008339,0,0,1,0.0,0
61,30.92059589335475,0,1,0,36.09704620984115,0
89,40.63568696929081,0,2,0,10.666086144817864,0
86,80.66853822231039,0,2,1,21.71256880730812,0
33,57.08635989621826,0,0,0,49.47475756101872,0
66,48.2047081326989,0,3,1,0.0,1
23,53.7523795691098,0,3,0,12.092136556893793,0
30,47.68372000532609,1,0,0,2.772391127190394,0
90,142.71524448287192,0,0,1,41.244635951169805,0
56,43.897837787091035,0,0,1,1.8726085203044036,0
39,69.30378668249001,1,2,1,0.0,0
108,186.76199203728964,1,1,0,18.180814588144802,0
83,57.80249202167467,0,2,1,16.22670536692553,0
33,58.22116901264836,0,4,0,0.0,0
86,141.35336223812345,0,2,0,0.0,0
50,48.91580861378165,0,0,0,34.376224841969176,1
10,194.90064377723888,1,0,1,12.978662806203689,0
8,155.34009169355232,0,1,1,9.81238612585731,0
63,33.83335765074358,1,0,0,52.85551522726473,1
23,55.75312987043002,0,1,1,12.003289944872783,1
9,54.361010503543795,0,3,1,24.549564665378973,0
94,35.054762852779874,0,1,1,20.90355018370845,0
42,108.35423353790966,0,1,1,25.257476644206992,0
40,127.96329530016648,1,1,1,42.10207292154793,1
73,64.09402054912437,0,0,1,12.89860681612016,0
4,93.70479509908517,1,3,1,54.59523341332678,1
55,13.270180308106967,1,2,1,0.0,0
2,31.381064667758253,0,1,1,29.158992286095476,0
28,86.47140982334362,0,1,1,43.44919353534596,0
15,103.32640705249435,0,0,1,37.09039379548001,1
108,83.62768346847255,1,3,1,18.19877852492654,0
97,60.292303050217136,2,3,1,21.3103927821472,0
34,171.74227936858853,1,1,0,37.50253405057421,0
45,60.64286884272177,0,2,1,26.543291444197457,0
64,126.22044194307549,2,0,1,39.001208746331216,0
119,127.20780005485247,1,1,0,0.0,0
42,73.35103485625764,0,2,0,62.8563538321782,1
80,48.66670453194841,2,1,0,46.88691725548165,1
55,112.59613475137046,0,2,1,22.55902522574102,0
116,25.23329878861126,0,1,1,0.0,0
31,82.15668225439968,1,0,0,41.133610695461286,0
113,48.75151425084554,0,1,0,0.0,1
84,123.89983328120401,1,2,1,28.68957456834348,0
29,54.384827685371704,0,3,1,88.21607164972183,1
100,63.804135616211425,0,3,0,40.42692636941481,0
118,121.63932540222623,1,1,1,50.63848110553768,1
95,90.45176896322513,0,2,1,59.14649235856704,1
25,46.684015241743126,0,2,0,0.0,0
85,142.63415997880404,0,2,0,31.978867292695718,0
35,36.34444817365322,0,0,0,0.0,0
99,6.457237544444826,2,1,0,31.521784860917187,0
19,50.090034258195786,1,0,1,74.37069078169418,1
29,145.56268354567766,2,2,1,38.4885541547895,0
39,102.71282819366303,1,2,1,23.314229249742887,0
22,113.83781949793251,0,1,1,10.12807422311228,0
81,97.54134776211338,1,4,1,6.661438764020373,0
18,50.52539155133428,0,0,0,36.537525474423305,0
24,77.09418593147863,0,1,0,25.42495276237526,0
6,57.977477783001376,1,0,0,11.554912805441404,0
35,65.7249627721722,1,0,1,6.1217528336756555,0
96,65.62442967627294,0,1,0,9.958378943289055,0
87,146.51200907207158,0,1,0,0.0,0
31,124.29295295619636,1,1,1,2.0597968381145506,0
82,90.0323204478793,1,0,1,17.141312449057533,0
19,97.44218432064933,0,1,1,26.19508891864352,0
86,159.68187336662868,0,0,0,35.5306444896334,0
16,70.38295152270457,0,0,0,17.399419573328824,0
73,60.06987462863463,3,0,1,66.4938749930171,1
80,36.493267658500656,0,2,1,61.300700769665156,1
94,101.03554741176237,0,1,1,10.535844518004065,0
35,55.8162750680059,0,3,1,28.43492770861787,0
103,82.87419693070586,0,1,1,0.8222837415626572,0
33,50.69947700530175,1,2,1,0.0,0
110,84.34028145326567,0,1,0,43.96127930344174,0
113,73.69483152229633,0,2,1,12.8350975007972,0
52,73.08257585227051,0,1,0,16.438196324736627,0
10,74.83878784970146,1,3,1,81.99885117968452,1
19,89.25707950942919,0,1,0,0.0,0
17,128.35910398061435,0,3,1,31.95558470159782,0
60,79.54840732077488,0,1,0,45.91127340342191,1
95,226.10187162945692,2,3,0,0.0,0
88,44.97483358140418,0,1,1,0.0,0
54,69.27780531007338,1,0,1,43.80790271917583,1
17,48.91321842748112,3,2,1,41.81108091680731,1
14,82.84999711353967,0,1,0,6.7553842246051286,0
73,92.9745407763415,3,0,1,4.839256903228595,0
72,16.000489644812394,0,0,1,11.758854332874112,0
33,29.841762187708795,2,1,0,70.15627960251422,1
18,51.86532797279661,2,1,0,0.0,0
118,116.79686151581207,0,0,0,4.375068409584195,0
85,76.15704330040514,5,0,0,11.146980238901719,1
77,91.93342179872596,1,2,1,35.536322231150415,1
99,42.45573715694826,0,1,0,0.0,0
8,59.125885752932575,1,2,1,15.797685929796863,0
69,38.44259019587602,0,0,0,70.14133692957277,1
47,55.0094960026005,0,2,0,17.774525012657485,1
91,73.57063541362864,3,0,1,0.0,0
23,26.09466322714091,2,0,1,19.006394359619144,0
117,104.67153977905755,1,1,0,37.50695521196913,0
74,49.89918028267634,1,0,0,26.358278142969716,1
59,91.00644835075224,0,1,1,18.082269327292614,0
33,78.28373051722781,0,1,0,85.31431588665413,1
62,48.201925491094634,1,1,1,68.69033645447647,1
63,57.892187076861006,1,1,1,30.437533177997388,0
57,114.78018581613469,1,1,1,7.209996284560672,0
52,74.53406854631776,0,3,0,32.88717597361003,1
57,115.23204905648359,1,1,1,28.9077583669609,0
14,97.1613530241928,1,0,0,0.0,0
68,64.86331887545742,0,1,0,14.988671712585862,0
37,52.92991120882899,0,2,1,45.39159006646744,1
5,36.047863862507036,1,1,1,10.773813418062954,0
107,42.33053330304376,1,3,1,0.0,0
29,94.83083942337858,1,0,1,50.06683652075026,0
31,41.47196415969364,0,1,1,22.262186239554314,0
71,125.29052568448135,0,0,0,21.673212449207412,1
66,58.28184294376556,0,2,1,13.58763571814291,0
36,158.6695554330287,2,3,1,50.9449786362833,1
23,100.22825978534914,0,0,1,50.64921277094444,0
56,37.50896373448715,3,0,0,39.05998878610434,1
18,67.67551063016536,1,1,1,11.041855629360338,0
114,102.85321549001323,1,0,1,0.0,0
2,148.3981094562517,0,2,1,33.69446926560847,0
60,94.50713000725386,1,1,1,24.564623083936503,0
113,74.46247308152186,1,1,1,47.898306677268096,0
78,127.70952869552916,1,0,1,21.390681157618253,0
40,42.99783026638485,1,3,1,41.276726311030316,1
67,44.172037626538355,0,1,1,0.0,0
15,253.72193643929677,0,1,0,23.984075444630342,0
84,48.299860342274314,0,0,1,30.450147327597314,0
75,57.2773594962254,1,0,1,16.569175117848403,1
91,125.28185731187533,0,1,1,22.442837566094695,0
78,63.30105598804049,0,1,0,40.63612730499635,0
63,55.24080105397145,0,0,1,0.0,0
70,85.55084012361517,0,1,1,12.313667150708588,0
23,109.71605216110879,1,0,0,11.67110237304914,0
118,132.21958099074558,2,4,1,0.9223416743087576,0
49,100.2366825686792,2,0,0,64.13801379671399,1
11,152.44093125079542,0,0,0,6.989620863542751,0
85,72.41840671097528,1,0,1,14.058313513539952,0
30,111.33775081506664,0,4,1,2.772468890300173,0
77,164.98041031056349,1,1,1,0.0,0
110,112.48598128294554,0,1,1,34.370224469144176,0
55,18.88947469481836,0,0,1,15.898745718326722,1
87,74.48123703395432,2,0,1,93.37214043304135,1
119,50.442461049348786,1,1,1,17.05221466725729,0
74,97.38318965758086,0,1,1,8.614242333434493,0
46,57.03333404658381,0,1,1,12.901491583074801,0
89,92.53337559935416,2,2,1,67.61015866062775,1
55,63.7526463680305,0,0,1,0.0,0
92,56.25203484241009,0,1,1,11.297201344342678,0
29,56.629309402617494,0,1,1,15.891355433212354,1
65,85.12392760117419,1,0,0,1.1469547980842414,0
40,98.67948956586764,0,1,0,73.80264129554152,1
72,36.91929946104003,0,2,0,17.070579951953192,0
71,74.2276906495785,0,0,1,0.0,0
44,58.33571618840401,1,0,1,19.56414056744912,0
53,98.79283216215875,3,2,1,40.74420880193093,1
40,42.16523526444419,0,3,1,54.04451786623722,1
86,107.75193812643087,0,1,0,55.876616002886564,0
104,115.84024620224754,0,0,1,26.30249048378604,0
35,31.290399825752754,0,1,1,19.352392445903806,0
70,152.15742892175157,0,0,1,0.0,0
95,17.489153708009887,0,0,1,30.98885818004029,0
111,63.3373499191983,0,2,1,30.50608548074873,0
39,45.6381943288809,1,0,0,32.45748494142295,0
51,100.64148713223751,0,0,1,0.0,0
22,56.68336000880484,2,0,1,8.68256509541945,0
28,107.16898822485112,0,2,0,64.26368037553137,1
105,77.56057458052854,1,3,1,92.26725688885688,1
67,96.95659564867114,2,1,0,83.07364426974256,1
42,39.57077310568353,1,0,1,8.99354109192893,0
92,25.80807798379194,0,0,0,14.020607247514286,0
116,79.6622513836202,0,3,0,7.572589443647468,0
75,30.985692102308107,1,2,1,0.0,0
13,78.36129372752347,1,1,0,0.0,0
18,43.63980006892702,0,1,1,57.31100472867892,1
5,73.76958095346605,0,2,1,60.82869945991229,1
16,144.77275814847204,0,0,1,25.827197446835626,0
109,18.079540344545013,1,1,1,66.84331265155488,1
33,28.542528852269893,2,1,0,13.583194215253274,0
43,91.85482307051869,1,1,1,13.752705215895855,0
111,55.761881597159196,1,1,1,46.79694977424426,0
118,80.31344711091242,1,2,0,20.062127303748298,0
11,39.16893517686785,0,1,0,6.01226566145788,0
10,60.03665389114184,1,0,1,0.0,0
36,98.50646104032009,0,0,1,12.385581366352476,0
111,32.675206840504835,0,3,1,5.847308455557741,0
33,50.81973213413251,0,0,0,17.999416022930216,0
105,30.975054777606637,0,1,1,27.839777583460886,1
85,60.935408101064475,2,0,1,22.005689803680834,0
27,124.34718714010103,2,2,0,34.440720125763605,1
10,105.49726670392843,1,0,1,58.047258021831645,0
83,67.28124976842656,2,2,1,28.535643880817176,1
114,52.417476143625095,0,2,1,30.28457387855898,0
26,56.233253348551216,0,3,1,16.380636642770472,0
36,37.397151855385374,1,2,0,51.30337852629389,1
40,26.628391001783868,1,0,0,23.379109325262668,0
24,20.51026433015233,0,2,0,13.583213636807372,0
39,74.07614942356753,0,1,0,10.439653036410736,0
23,33.606548298669956,2,2,1,35.576965491830414,1
20,126.81086341580907,0,0,1,29.66531628671912,0
81,40.38629837167133,0,2,1,0.0,0
57,67.63348703465199,0,0,1,0.0,0
26,94.63671161754776,3,0,1,0.0,0
11,92.46739170231427,0,1,0,14.666661058821884,0
7,71.11799150682914,2,1,1,81.57474861542885,1
28,93.75291614784206,4,1,0,55.50416353864151,1
53,149.65995821557902,1,0,0,53.7627122361685,1
18,54.956665416875154,2,2,1,36.22390450296557,0
82,97.79582085687497,0,1,1,0.0,0
10,34.41270144329405,0,0,1,30.17517945517223,0
110,84.38601765844706,1,1,1,10.011538442698075,0
85,140.03301825774795,0,2,1,11.204339949526771,0
38,40.372677581505755,0,1,1,33.71092880161229,0
11,58.502239342192155,0,0,0,58.52070315721488,1
91,102.68677933296519,0,0,1,0.0,0
52,70.81645147330026,0,0,1,0.0,0
33,69.13187070896477,2,3,0,69.83052161114696,1
37,129.47893456053262,1,3,1,13.082006189343705,0
18,32.805009359245645,1,1,1,29.133301966672203,0
57,129.9716009028797,0,1,1,16.2084945165766,0
94,138.64386643297445,1,1,1,44.3873183785972,0
32,100.37597846616387,0,1,1,65.30565646216411,1
105,25.937704001985033,0,0,0,5.647668512186964,0
55,61.99589240101389,2,0,1,102.52809909193162,1
34,235.6543592960156,0,3,0,13.151118214038302,0
88,47.83729361422836,2,2,1,0.0,0
12,95.3005651891121,0,1,1,13.265197629666119,0
23,56.21419428832796,0,0,0,21.5365698290592,0
25,70.87402866013467,0,1,1,59.31280830878622,1
107,46.21568190993099,1,0,0,38.48798295237671,0
37,105.10656354316929,1,1,1,5.855505007111418,1
2,64.98442827586926,0,1,0,54.9759658243171,1
70,85.85612689166138,0,2,0,31.35520131477825,0
53,58.12148692684148,0,0,1,0.0,1
50,97.47526919032632,1,2,0,23.636373846586014,1
22,107.04768245280974,0,0,1,40.961081979600436,0
96,57.541951457828524,0,0,1,58.35561384568234,1
102,112.13484047717229,2,0,1,0.0,0
119,26.28867357691732,2,0,1,23.35287553610237,1
40,56.70593748857939,0,0,0,28.122870912936648,1
68,102.55170233643028,1,2,0,51.46764005446231,1
35,33.10977127539949,0,2,1,0.0,0
117,112.68711357680239,0,2,1,29.35663619950737,0
110,87.67398649401079,0,3,1,14.480626140564402,0
117,76.57678962614598,0,0,1,37.11949257650397,0
1,132.23868762502656,2,0,0,43.72716197502916,0
31,79.73549311212669,1,0,0,56.02861825023949,1
115,51.064623893817924,1,0,1,7.771191526620404,0
66,66.02153366408584,0,0,1,37.2895244749198,0
7,98.20567801514844,2,1,0,18.54968265981401,0
65,124.3139536933721,0,1,1,27.9707329083018,0
51,80.5198927671812,0,1,1,25.48881820356865,0
90,28.20831139925417,0,3,1,36.60350325838859,0
30,38.13935083032216,1,1,1,34.55577756032757,0
40,154.02383022112542,0,1,1,30.144747545115376,1
14,60.69553763274669,0,2,1,32.63333178134842,0
98,23.075100562833182,1,5,0,83.09027203055817,1
39,53.70282442959144,1,2,1,58.676041618404746,1
89,41.634522176229396,0,1,1,24.342632318670855,0
30,103.05263263335183,1,0,0,26.91419529137022,1
116,116.4333451861299,1,1,1,55.28384957632665,1
13,61.00892664303525,1,3,1,10.794767747505183,0
50,55.04032991477857,1,0,1,74.86922253035857,1
46,79.6417292787165,0,0,1,21.95258121603466,0
48,102.28234365117274,0,2,1,6.490452843484807,0
44,30.10499377885467,1,0,1,0.0,0
20,64.46230417493067,0,0,0,38.869886806040014,1
69,72.14781676399437,1,3,1,22.218569629153578,1
70,31.18709151249697,0,1,1,17.804932766054296,0
31,77.1786730671009,0,2,0,13.762270516328911,0
94,76.78798576385572,0,0,1,76.75497878997983,1
38,78.50463644341373,1,0,0,43.26553311026872,1
60,59.822568869761305,1,3,1,3.9313217332717336,0
56,172.57328603631964,0,1,1,0.0,0
100,89.17983275930892,0,3,1,36.6558180796955,1
75,77.34028721897262,0,1,1,74.26023901161162,1
12,97.1339582763484,0,1,0,76.54917428297249,1
52,79.82335312605086,0,1,1,36.35497565094138,0
6,43.5138061369619,1,0,0,54.53626405935804,1
43,53.804973600082775,0,1,1,82.3919846364578,1
35,133.33476685893825,0,0,1,58.16403496986194,0
102,93.28995597238827,0,2,1,42.579631119135584,0
26,69.81224109448907,1,1,1,4.059122869605808,0
23,45.90653614428057,0,1,1,0.0,0
118,63.10574596418078,0,0,0,25.407672281718664,0
17,85.88451829929419,0,0,1,22.42586277849962,0
76,23.39559792818895,1,3,1,3.6312091892433145,0
78,244.73420534438787,0,3,0,31.379148434294528,0
18,84.09443971900268,0,3,1,38.014404855230595,0
96,61.566612707910515,3,0,0,24.67632772308278,1
24,90.91605622776848,1,1,1,44.39527510089296,0
47,38.76885192880988,0,0,1,36.1932820686398,0
12,77.17524953116927,0,1,1,60.4333380660532,0
59,72.69655579594742,1,4,1,49.79068715957738,0
32,125.29730912810989,0,1,1,17.110752969567102,0
33,71.63322793664582,2,2,1,0.0,0
107,89.62347252844856,0,1,1,33.88036750074344,0
56,59.432767762501015,1,1,0,61.59501459074032,1
