x1,x2,y
0.03419276725318417,0.05301138951172288,0.3458893239340077
1.3597475403099617,1.3740106687184293,3.0496650689648934
1.2247210785859324,1.2456708043285265,2.6593183505550937
-0.5103070767876675,-0.5180919561883213,-2.3571089388409048
-0.2979695111064471,-0.2831733839161808,-0.5404813153443877
-0.5273841930334252,-0.4868945543162354,-1.2863066850018154
0.5697263575719601,0.5857996687595612,0.9638761418431738
-0.056064439045617594,-0.0684623124239568,0.5695812791586023
0.7468856162565439,0.7590398661352348,3.025350389671412
-1.8473247989741095,-1.8220771931399997,-5.36906623262745
1.5665487746995206,1.5739285004273131,5.73803489185388
-0.09643216015562055,-0.10770017407847768,-0.5766589310745518
0.6803784532741461,0.7112400649345777,1.928114224540531
-0.13656633397682774,-0.16156167490808626,0.06315967299615144
-0.3790985670748533,-0.3690300661417348,-1.1713397105021008
0.46311015859758675,0.4627866471082442,2.1832296742438952
0.824513527530113,0.800640213026563,1.2208724493964505
-0.20252987069345152,-0.17814087702179254,0.8181754475971421
-0.15278617857019708,-0.14582842669617016,-1.2396300219642393
0.685698610809258,0.6623626472672766,1.892397982450842
-0.8703406419471712,-0.8583060748159344,-3.988564624928154
-1.5143835037313955,-1.5230155123096223,-3.9429281913552563
0.39498186274953,0.35692609270618747,2.4587969614450835
-0.6705658236878794,-0.6843439261958785,-0.9406505424448555
-1.9203405901180286,-1.9150695611679962,-4.927646798091888
-0.8140536639453595,-0.801339606219837,-3.999304261793372
-0.467597558892747,-0.46428626079018154,-2.184960730956538
-1.1932024774322612,-1.1922991772069014,-4.0421704235369464
-1.4924638840630338,-1.4830640839201685,-5.412125919388163
0.03663782694480509,0.03241830490550081,1.2326087117930908
0.8972492567277476,0.9207883488065934,2.8762320831145107
-0.23313207796045685,-0.2301592449961882,-0.7238740381065472
-0.7435960295088448,-0.7377175984593703,-1.743252356423028
0.3849938087479083,0.3958097885788232,0.20336238841545917
0.7172358071943838,0.6960924303882943,1.24335669331596
-0.3000105984884774,-0.31419513601547255,-1.7814937854982704
0.5446678079208929,0.5752393902016891,2.1316243727290494
1.0428754765829538,1.0495816503901734,3.470222808850366
-0.20695643620832396,-0.21260875778062754,-0.04277684085279487
-0.8135155419815723,-0.8066858714053423,-1.3621635084151227
0.3476505985155095,0.3380181538142785,-0.31434906349237246
0.24754574096284754,0.25311706673549345,0.18214283664795827
1.0988127684144084,1.0854953473146074,3.4439763991159196
-1.284580778805345,-1.2790604024585617,-5.2024854435940755
-0.6616129303555477,-0.6931669814019279,-2.517014019399614
-0.8381669607156745,-0.8115485648423609,-1.5004719792432666
-1.7340148462328515,-1.7442740036867912,-4.099400409160971
0.1264345551969962,0.09480973125709247,1.456010558004734
0.527804212495524,0.523327378603783,1.6264303235957605
-0.7387900314758065,-0.7462099553701707,-2.428337631470516
1.3856470744961586,1.3886950428681677,5.236465913664091
0.8219243366604353,0.7990193244834729,2.0931270135382194
0.6273764788355353,0.6353257908313404,2.220368426681886
0.4017070914409699,0.47417844520832997,2.5304001984394664
0.955669564448635,0.9300962100337692,2.499437892979053
-1.3319798395431022,-1.3252255280291165,-4.606491819561615
0.6139296582498643,0.6077152811768558,1.832417701424268
0.6027768335334479,0.6066289994297361,2.4067096794026677
-1.7677185771429749,-1.8039547578997202,-4.820746715594198
0.34703010205437973,0.32400991429481285,1.196948079373773
-0.2504213467099684,-0.2412281560059149,-0.19484390478953295
0.7815226960616993,0.7807543356737949,0.7449693442624319
-0.4390621876376686,-0.40635742402584896,-2.1764525552300786
-0.01824085764910033,-0.032336805494527665,0.10850354147547366
0.3428515173176555,0.3463415078607834,0.09989302904159802
-0.8762616887442077,-0.8179992596934512,-3.9704595085756322
0.5985966481803844,0.5832854194520257,0.5879700901468072
-0.10496318852366823,-0.12303985839318737,-1.2330534887961786
0.49248262367924284,0.4917800219813411,1.298972980213367
-0.5218375063367878,-0.522728759913501,-2.5881383350020037
1.0862015432775176,1.1030848888799683,3.493503468333545
0.6052019784294742,0.6077934958854259,3.511830077954302
-0.17802502471933673,-0.19315981096430945,-0.6817013833001753
0.6319571570936101,0.6361855881337617,3.1705703820318814
1.259755161358625,1.3125270964101992,4.067697225964786
1.7911755134979888,1.8166109869788092,4.253703041137173
-1.5735763704402195,-1.629219752792684,-4.977138686309281
0.8831318116225195,0.8802914733506334,1.6675606933419402
0.4650685085133813,0.44756669807436195,2.1631409097973044
-0.09386078018634399,-0.08141552989824097,-1.434677754579197
-1.0066649349770713,-1.0101302045895533,-1.6974221040115516
1.2571886134731436,1.2958425284330475,4.349753782990055
-1.2617379934445705,-1.2431132821721924,-5.807524080715102
0.5669454657347489,0.5847535235839344,2.4851778118073384
1.3018679962026896,1.3055994174032206,5.458620350747869
-1.5996692880514796,-1.6004752411176302,-5.5895315757690724
-0.30251784048326236,-0.2957142419057718,0.07769869143984498
-1.3092168175162993,-1.2833112216879237,-5.726032184250146
0.24405410803590055,0.2547419034333565,0.9843189357537041
1.5143751306746547,1.5073524793579014,2.8817360303371755
2.0235560291721977,2.049057722341576,6.553059077164923
-1.7781144428835152,-1.774272235502381,-7.1223060787331445
-0.5749490057210601,-0.5765013069904926,-4.35771722457185
0.7035450933309114,0.6877175565576708,2.506728448577694
1.5793726520932216,1.5680528065638986,7.0260077246542
0.4212106442782976,0.4084897086837583,0.6679623571932098
-0.7461519975907094,-0.8019991407857872,-1.4082904461365051
0.2971315096374385,0.3174684336454018,1.0021056253069858
-0.01661920098083325,-0.00528964959227703,-0.3733623425671934
-0.2037407223881694,-0.20802613421975136,0.004162117939509158
-0.7344710985474203,-0.7135514237792363,-0.5610079163854855
0.38725975594300555,0.3960195115336734,-0.07334871935992715
0.3078796263658112,0.3153109759452032,1.487535823114502
-0.09298412757635025,-0.14247939856792352,0.06618304720451756
-0.2216879397006701,-0.22634825809288248,-2.0894094897621422
-1.284916570539673,-1.2742727880243279,-2.2400388443866213
-0.48617566714143334,-0.4539819305056686,0.4908317094395236
1.2064496713466424,1.2432555689789924,2.6665770253560703
-0.19055825686602823,-0.16204149195162276,1.1662257247336543
-1.4396973168381253,-1.4629295072091153,-4.262945832375399
1.3344428069513163,1.2904893796095722,3.8400800820095267
0.5302654084829203,0.5416747999770589,3.0942451707135215
2.1080870286253033,2.1086393453323162,6.551693941087353
0.06251216939171997,0.0817632344787689,0.5107124145437837
-0.46138457905169217,-0.463902266323773,0.13352123748121514
-1.4476446987755465,-1.4432495995050765,-3.0547141768286625
1.3238383700638794,1.2938385898027467,4.864664528107896
2.5695115129905117,2.578471706093691,6.307984655030943
-0.820934937223875,-0.8298329062813588,-4.035195152916367
-0.6470876402241984,-0.6400879330701134,-0.8151216839820334
0.5961887986723416,0.6053769185431843,0.8618468703740216
-0.8303454354133867,-0.8326898783110046,-2.3425527606583465
-0.27055836699218927,-0.2642223445499106,-1.885747096030737
-0.34983769944206944,-0.3501098400527355,-1.2331996270543524
0.19195888729205715,0.20714287731462733,-0.7028184643726139
1.09481844340068,1.1048533023695992,4.9146293821111
0.022067589713919693,0.011123262333175553,-0.952709660744981
0.9189100957801388,0.9071520581580867,2.63473601970241
-0.41988889600049356,-0.38501412044068134,-1.4478661696145982
0.3277985357234032,0.3257666258170806,2.189493400440284
-2.138225589513189,-2.118389434261879,-7.834574324638016
-1.4499480667813884,-1.4420803521757135,-4.383186232765399
0.7959134126817742,0.7846311628718516,2.17850597046655
-0.590149399040946,-0.6051288749800332,-1.240522655907366
0.5799149234726574,0.5823174372625441,2.211761549598967
0.5423442548146441,0.547477343228912,1.163286230502455
1.3222788582368146,1.3345661326260156,4.20642256583575
0.8118590596762011,0.7865203911260534,2.060945996786516
1.0169913501666112,1.0050976845180892,3.5190892878917266
-0.11167133066420938,-0.11356865473249449,-0.4375941578172795
-0.6982851765628781,-0.6662701873599263,-2.7504246234163867
-0.731558777725664,-0.7787623491381863,-2.222233355792627
-0.4880439402887327,-0.47926170732657425,-1.100347859556677
-1.1298291140131056,-1.140630031185374,-1.1236047407240992
-0.5474435821203582,-0.5388160352634949,-2.133562617146886
-0.09256905150847415,-0.10240862963407812,0.028950909913932843
0.2516119571058145,0.2589029783772022,2.217872592933633
-0.33889079006978534,-0.3075980292560537,-3.09484104621706
-1.923682866353282,-1.91659893628414,-7.514086796694546
-0.07228295450292373,-0.06361495565336749,-1.4055082136246
0.22534578702721786,0.23280294479591554,0.5618008182467392
1.084475594643844,1.0694693242337807,5.693403565424603
0.5778638956158266,0.5887242526530451,2.1249586592428082
-0.6435606861455095,-0.6477276174001292,-0.7226067167563246
-0.7237765601247179,-0.7400108330078894,-2.393369031070589
2.0105975223757233,2.0098265638514907,3.5680688028280882
0.756637954017235,0.7520921845482764,-0.043724497389015404
1.831439822737841,1.8465094186443258,6.512938703886387
2.129444531219653,2.1285877467197025,6.57319313616426
-0.818083666605393,-0.8286725077552771,-3.75275016762886
0.38526930227745887,0.4143887337918917,2.2731285888323582
0.4581670048370468,0.4779347600906453,-0.16445396103643684
0.5596122240618859,0.5850068128205723,2.813078795388522
0.5419022252820672,0.554055572522359,3.077047525512176
0.20205463691158088,0.19986065702288777,-0.15865946482157323
0.17412924424976314,0.16574737617179686,-0.5857293053162171
-1.5024999410944402,-1.5080867409954835,-3.663172772651558
-0.1654011831842485,-0.1464473709880021,-1.591492128183363
-0.7476197010175331,-0.7453816354126382,-1.3809726458549598
0.12608730560642875,0.0964304427190711,-0.8169768611443509
-0.46754626006357575,-0.46832791601791623,-0.5950602199265691
0.6185207511629426,0.5901986670389185,1.9494291970422268
0.8190757096799433,0.8223930263611904,2.024448752378184
0.30869236500853114,0.28461597232429997,0.030392412401291646
0.31616814431588613,0.290889421751601,1.1860792028024711
0.09294668494996648,0.09531827402840036,-1.6138205784843533
-0.4477978929622047,-0.449362179478379,-1.6193578511355353
-0.16450126423277087,-0.19773649822856304,-0.8896579619261169
-0.49564606330714495,-0.4806815889457178,-0.8085782621324503
0.3879871341457924,0.43124906791547746,-0.08985895273777222
0.014113411841972533,-0.015514103043848738,1.755778374121361
0.5812911986088503,0.6176881929844084,1.4322928230459058
-1.3286483115981003,-1.3424041000826643,-5.124112457060763
0.8877789284048715,0.8778971160215759,4.0494155347184115
-0.7626962368507467,-0.7662739812695015,-0.6251576733112558
-0.7342821862702664,-0.7631877306835733,-2.3906185587847877
-0.19744298486173803,-0.17146044057297277,-1.4834017939014392
-0.5633845877352657,-0.553530715166519,-1.674100794559823
0.2911251954982905,0.27609611146202717,0.18296385165341555
-0.5741647764650408,-0.5797063195574748,-2.0345278691703603
-1.0694775505189256,-1.0998047392782477,-1.650003255877764
-0.8458028083790133,-0.8527579631828047,-2.1455074379032064
1.3119833252675124,1.330707588296312,4.081343800002912
0.044258328637274344,0.009952533194413526,0.47878718213125154
-1.1675302849446099,-1.176255091523634,-3.560680661136334
0.008377403177420764,0.011313237890377,0.8667000717523542
-1.555946414705409,-1.5349816277884505,-3.788549113221052
1.7895665579723081,1.8165531690271195,4.998982952761217
-1.5244781602909778,-1.5336232194077115,-4.468346088831048
0.4787527046455685,0.4639465671140517,3.8498657927483544
0.5436256643142272,0.552633657536479,2.0524761391150834
-1.4500077538405294,-1.4572728496789626,-4.535876644909776
0.30027651841828845,0.29407613095041873,2.950521308049936
0.9971720401657596,1.0187757137446198,3.0009486743357514
0.46757528576185525,0.5013700431685607,0.3054239329091273
0.261016274083352,0.2663336255060382,1.4576296820740051
0.9490966814610048,0.9452523859663837,1.9474638947319405
0.16090454888866232,0.1723297881881881,-0.01450886781245031
0.3364252880770561,0.2986749714884691,1.3356012505551913
-0.12671154648393168,-0.12707652775095246,-0.506901564300234
0.6318057260154758,0.6105941891063842,1.131930570631388
-0.9413841472373661,-0.8935955904645622,-3.3751090292706873
0.7917632588742233,0.8061672574237779,1.7819137739456967
-0.5053015337885142,-0.5024741368335456,-0.3497181469226882
-1.090653373060846,-1.0945406656459684,-3.992960330055296
0.3652489557719693,0.31494983496081297,0.5235278066109879
1.6929555515236436,1.707211642009344,7.117221024534007
0.9616782115907366,0.9942655905536164,2.3312703079881567
-0.5156498276026669,-0.5302262255442998,-0.05753177428765577
0.698059671998619,0.711727762216365,3.4099112185518115
-0.454209119721369,-0.43975825659017387,-1.5153789800947148
-0.12401945613631439,-0.1549820094590712,-1.7914497025643907
0.08952849321707658,0.10824330016072266,0.7215996107321787
-2.317218216900625,-2.2901225953864754,-6.278979503622169
0.19161476616248335,0.19618436852871474,1.5426487802264133
-1.029609188818006,-1.0308728287121132,-3.0169333287588027
-0.6973986134552436,-0.6816393436473641,-0.8876383550809035
-1.4743904107207184,-1.5052054902282106,-3.0328126251094463
-1.5165582181462036,-1.5146926040890163,-5.604056695293412
-0.9432644007214415,-0.9221775615771407,-1.4003048951285924
0.8255972952985817,0.8007485886685122,2.6513342400565163
1.6660413474635754,1.6858927716466405,4.43237998641789
-0.025205103519519486,-0.03356969669825472,-0.39424303865232074
1.091790933563312,1.0501743944910633,5.152944942208684
-0.26398064687868195,-0.2660956059632778,0.1920880369727025
-1.9119728247927603,-1.9314107569847065,-7.524964433902715
0.14991661602143025,0.15630180883208677,0.5332073571381715
0.4456482631425715,0.42220544012587724,1.1970948408484923
-0.42861655475758254,-0.4076110365841312,-1.4614369362296862
0.30222423421292294,0.2874476277755504,0.39351747589840336
0.5725562476093207,0.5796833975125081,0.2613672682934183
-0.8634075676336961,-0.8752871665023441,-1.7285783901952563
-1.4768340975643026,-1.4832922038074647,-5.370192032789221
-0.22125416534201214,-0.19741896444902626,-1.0338036052020432
-0.21106054027038276,-0.20675497134578508,-1.235566906558288
-0.35266321385541605,-0.36056385567933,-1.7858135194401659
0.9872467528013661,0.9622165925102185,3.7049769339646756
1.7255887894094382,1.7487878148874596,5.560540526692642
-0.4166470179838092,-0.401990794598071,-1.9241026876288485
0.6988867031627518,0.6923559916837599,1.151849417980289
